'Email','Fullnam','Job','Domain name','Phone number','Company Name','Text','Age','Address','Date'
'cooperjason@lewis-haas.com','Matthew Castaneda','Location manager','swanson.com','725.440.2610x249','Anderson LLC','Boy need notice pattern teacher third upon including. Water education interest about write own city. Entire trip radio beyond. Majority name travel direction story. Partner information write score.','16','USNS Smith
FPO AE 30086','1973-07-09'
'zmiller@gmail.com','Lucas Marsh','Research officer, trade union','mills-grant.com','001-690-669-2620x604','Riggs, West and Miller','Until necessary where range senior card. Him foot main team next prepare employee. Year consider road develop sense. Meeting question people policy crime. Recent live later voice decision stand garden.','18','767 Raymond Ville
South Susanton, MA 51935','1973-12-16'
'michelle78@miller.biz','Trevor Beard','Make','tucker.com','(454)657-9919','James Group','Most something plant short billion population anything. Present quickly watch generation play difficult whole note. Hit behavior across card thank prove. Site stock room measure. Traditional over face imagine away continue suggest.','15','USNV Hall
FPO AP 43385','2003-05-04'
'brittanyalvarez@yahoo.com','Joshua Villa','Statistician','long.info','001-476-842-6636x430','Carter, Gibson and Taylor','Approach wear commercial attack late crime fly. We fill others audience color be. Strong face learn wall dog without receive. Black affect compare fast everybody defense call. Adult safe name fish movie decision song.','25','41017 Thompson Corners
New Tracyland, IN 86215','1977-09-11'
'mball@gmail.com','Michael Hunt','Accountant, chartered public finance','jordan.com','+1-490-519-8891x62998','Reid, Ward and Fitzgerald','Middle skill just reveal why. Experience near voice compare. Itself black wish forward certainly discuss. Put short agree ask. Level manage safe until base.','17','Unit 9390 Box 8736
DPO AA 36877','2012-08-19'
