"Age","Text","Name","Job","Email","Date","Company name","Date","Address","Domain"
"6","Report much customer section. Their actually the race its billion. The out similar partner mind everyone. Drop great TV movie strong. Such a decade others material kid.","Carolyn Meyer","Radiographer, diagnostic","bsilva@pratt-hamilton.info","2010-06-15","Santiago, Ballard and Jones","2010-06-15","076 Jacobson Lodge
Lake Tamara, MS 25202","patton-davis.com"
"7","Either cold second establish share. Writer physical imagine fish. Own bill seat good everything head. Economy my crime get answer. White theory difficult any about large peace.","Scott Rodriguez","Architect","kathleen93@adams.net","1999-10-03","Cain-Parks","1999-10-03","685 Hughes Corner Apt. 274
Timothyhaven, WA 29329","mcgee.com"
"11","You even oil experience first. Listen various court generation agree quality husband establish. Design order identify music within nice during. Generation reduce house yeah. Voice I doctor section onto Mr receive.","Scott Brown","Analytical chemist","mbell@gmail.com","2011-07-25","Parker-Rodriguez","2011-07-25","USNV Burns
FPO AA 11738","webb.org"
"5","Although inside art trouble. Can face candidate car local teach skill job. Bag beautiful situation street bill key free drive. Memory might board sign side hair. True local although whole.","Amy Garner","Publishing rights manager","gregoryhorton@yahoo.com","1988-09-18","Richard-Peters","1988-09-18","Unit 6514 Box 9361
DPO AP 21435","wells-jennings.info"
