"Age","Text","Name","Job","Email","Date","Company name","Date","Address","Domain"
"6","Capital down dream Congress official away be. Population radio evidence stay act edge minute interview. Laugh write about their especially leg. Thing daughter nor color city mean network skill. Apply charge do find boy price save.","Janet Hamilton","Public relations account executive","johnsoneric@carlson-schultz.com","2005-12-05","Lee-Graves","2005-12-05","78117 Timothy Mountains Suite 170
Lisaview, KS 94586","morgan.com"
"14","Dream receive pass deal table world. Write collection outside above hour no. Establish yourself property try should line. Common event allow. Method hope tonight company.","Christopher White","Psychotherapist, child","qanderson@yahoo.com","1981-07-14","Allen PLC","1981-07-14","USNV Wallace
FPO AA 03294","reilly.com"
"6","Loss film rate same a on response. Across under current like same support decide. Bill bag support sea. Senior performance event recently oil charge hot likely. Office beat painting everybody despite raise blue.","Kyle Burgess","Lexicographer","glozano@klein-martin.com","2004-08-24","Johnson-Wright","2004-08-24","6032 Dawn Creek Suite 445
New Christinaview, AZ 82653","whitney.com"
