"Age","Text","Name","Job","Email","Date","Company name","Date","Address","Domain"
"6","Identify fund according area. Shoulder public stage work spend medical. Onto ahead reach month imagine onto surface. Spring age better wrong anything establish. Tough effort close can dream capital.","Jonathon Cameron","Naval architect","qglass@mcguire.org","1979-07-02","Henderson, Lawson and Huber","1979-07-02","233 Loretta Forge Apt. 632
New Charles, AK 17418","davis.com"
"14","Myself either center choice phone important. Hospital another forget third. Perhaps sit tax forward choice matter to. Its four realize skill Congress. Anyone get yes where very.","Bill Martinez","Health service manager","brianjenkins@martinez.com","1993-05-11","Schmidt and Sons","1993-05-11","7396 Brandon Plain
East Debrahaven, IN 15383","dawson.com"
"14","Sound oil boy indicate. Teach value sea successful administration. Plant star end impact. See education hard stand it. Pull range worry discussion somebody.","Catherine Ingram","Planning and development surveyor","angelahernandez@hotmail.com","2018-01-19","Willis, Wallace and Pearson","2018-01-19","91847 Pena Via Suite 869
New Ronnieburgh, FL 89692","davis.com"
"13","Security take down century. Form among offer small store a. Design stock red give. Head we one class specific five morning. High star try provide quickly.","Jessica Hernandez","Set designer","cynthialynch@dyer.info","1972-06-20","Newman-Grant","1972-06-20","11468 Huber Road
Levyburgh, RI 03009","webster.com"
